categoria,informacao
Horário de Funcionamento,Segunda a sexta: 11h às 23h; Sábado e domingo: 12h às 00h.
Formas de Pagamento,"Aceitamos cartões de crédito, débito, PIX e dinheiro."
Cardápio,"Servimos pratos típicos brasileiros, massas, carnes grelhadas e sobremesas caseiras."
Sugestões dos Clientes,Os clientes recomendam o prato de picanha na brasa e o risoto de camarão.
Localização,"Rua das Flores, 123 - Centro, São Paulo, SP."
Contato,Telefone: (11) 99999-8888 | E-mail: contato@sabordaserra.com.br
Promoções,Toda quarta-feira tem promoção de chopp em dobro das 18h às 21h.
Reservas,"Aceitamos reservas pelo site ou telefone, inclusive para eventos e aniversários."
Avaliação Média,Nossa média de avaliação no Google é 4.7 de 5 estrelas.
